{
  "axes": [
    "ax",
    "ay",
    "az",
    "gx",
    "gy",
    "gz"
  ],
  "mean": [
    50.749324798583984,
    -157.22933959960938,
    -19.77406120300293,
    -12.441560745239258,
    32.178958892822266,
    -2.5926496982574463
  ],
  "std": [
    484.98504638671875,
    262.3331298828125,
    267.27392578125,
    548.0603637695312,
    475.8738098144531,
    379.09674072265625
  ],
  "note": "Z-score: normalized = (raw - mean) / std. Hardcode these in firmware."
}